,0
./step2/output7_csv/data192.csv
./step2/output7_csv/data117.csv
./step2/output7_csv/data196.csv
./step2/output7_csv/data172.csv
./step2/output7_csv/data155.csv
./step2/output7_csv/data64.csv
./step2/output7_csv/data111.csv
./step2/output7_csv/data156.csv
./step2/output7_csv/data95.csv
./step2/output7_csv/data176.csv
./step2/output7_csv/data159.csv
./step2/output7_csv/data200.csv
./step2/output7_csv/data45.csv
./step2/output7_csv/data157.csv
./step2/output7_csv/data151.csv
./step2/output7_csv/data83.csv
./step2/output7_csv/data7.csv
./step2/output7_csv/data147.csv
./step2/output7_csv/data1.csv
./step2/output7_csv/data140.csv
./step2/output7_csv/data49.csv
./step2/output7_csv/data78.csv
./step2/output7_csv/data5.csv
./step2/output7_csv/data189.csv
./step2/output7_csv/data173.csv
./step2/output7_csv/data72.csv
./step2/output7_csv/data191.csv
./step2/output7_csv/data80.csv
./step2/output7_csv/data171.csv
./step2/output7_csv/data96.csv
./step2/output7_csv/data174.csv
./step2/output7_csv/data127.csv
./step2/output7_csv/data20.csv
./step2/output7_csv/data8.csv
./step2/output7_csv/data74.csv
./step2/output7_csv/data84.csv
./step2/output7_csv/data195.csv
./step2/output7_csv/data66.csv
./step2/output7_csv/data87.csv
./step2/output7_csv/data128.csv
./step2/output7_csv/data106.csv
./step2/output7_csv/data153.csv
./step2/output7_csv/data4.csv
./step2/output7_csv/data88.csv
./step2/output7_csv/data101.csv
./step2/output7_csv/data112.csv
./step2/output7_csv/data178.csv
./step2/output7_csv/data109.csv
./step2/output7_csv/data33.csv
./step2/output7_csv/data148.csv
./step2/output7_csv/data27.csv
./step2/output7_csv/data90.csv
./step2/output7_csv/data102.csv
./step2/output7_csv/data145.csv
./step2/output7_csv/data9.csv
./step2/output7_csv/data77.csv
./step2/output7_csv/data185.csv
./step2/output7_csv/data105.csv
./step2/output7_csv/data28.csv
./step2/output7_csv/data11.csv
./step2/output7_csv/data144.csv
./step2/output7_csv/data152.csv
./step2/output7_csv/data160.csv
./step2/output7_csv/data169.csv
./step2/output7_csv/data32.csv
./step2/output7_csv/data104.csv
./step2/output7_csv/data94.csv
./step2/output7_csv/data154.csv
./step2/output7_csv/data108.csv
./step2/output7_csv/data131.csv
./step2/output7_csv/data138.csv
./step2/output7_csv/data110.csv
./step2/output7_csv/data158.csv
./step2/output7_csv/data162.csv
./step2/output7_csv/data150.csv
./step2/output7_csv/data183.csv
./step2/output7_csv/data149.csv
./step2/output7_csv/data107.csv
./step2/output7_csv/data89.csv
./step2/output7_csv/data55.csv
./step2/output7_csv/data14.csv
./step2/output7_csv/data93.csv
./step2/output7_csv/data139.csv
./step2/output7_csv/data85.csv
./step2/output7_csv/data53.csv
./step2/output7_csv/data119.csv
./step2/output7_csv/data118.csv
./step2/output7_csv/data143.csv
./step2/output7_csv/data199.csv
./step2/output7_csv/data175.csv
./step2/output7_csv/data170.csv
./step2/output7_csv/data167.csv
./step2/output7_csv/data82.csv
./step2/output7_csv/data115.csv
./step2/output7_csv/data62.csv
./step2/output7_csv/data132.csv
./step2/output7_csv/data97.csv
./step2/output7_csv/data121.csv
./step2/output7_csv/data69.csv
./step2/output7_csv/data91.csv
./step2/output7_csv/data24.csv
./step2/output7_csv/data71.csv
./step2/output7_csv/data63.csv
./step2/output7_csv/data54.csv
./step2/output7_csv/data146.csv
./step2/output7_csv/data44.csv
./step2/output7_csv/data165.csv
./step2/output7_csv/data184.csv
./step2/output7_csv/data130.csv
./step2/output7_csv/data163.csv
./step2/output7_csv/data47.csv
./step2/output7_csv/data123.csv
./step2/output7_csv/data6.csv
./step2/output7_csv/data164.csv
./step2/output7_csv/data179.csv
./step2/output7_csv/data25.csv
./step2/output7_csv/data57.csv
./step2/output7_csv/data190.csv
./step2/output7_csv/data10.csv
./step2/output7_csv/data52.csv
./step2/output7_csv/data103.csv
./step2/output7_csv/data166.csv
./step2/output7_csv/data81.csv
./step2/output7_csv/data181.csv
./step2/output7_csv/data18.csv
./step2/output7_csv/data70.csv
./step2/output7_csv/data133.csv
./step2/output7_csv/data197.csv
./step2/output7_csv/data16.csv
./step2/output7_csv/data114.csv
./step2/output7_csv/data86.csv
./step2/output7_csv/data187.csv
./step2/output7_csv/data59.csv
./step2/output7_csv/data161.csv
./step2/output7_csv/data182.csv
./step2/output7_csv/data22.csv
./step2/output7_csv/data12.csv
./step2/output7_csv/data193.csv
./step2/output7_csv/data31.csv
./step2/output7_csv/data186.csv
./step2/output7_csv/data39.csv
./step2/output7_csv/data177.csv
./step2/output7_csv/data41.csv
./step2/output7_csv/data73.csv
./step2/output7_csv/data19.csv
./step2/output7_csv/data50.csv
./step2/output7_csv/data122.csv
./step2/output7_csv/data23.csv
./step2/output7_csv/data46.csv
./step2/output7_csv/data142.csv
./step2/output7_csv/data137.csv
./step2/output7_csv/data76.csv
./step2/output7_csv/data194.csv
./step2/output7_csv/data17.csv
./step2/output7_csv/data37.csv
./step2/output7_csv/data168.csv
./step2/output7_csv/data15.csv
./step2/output7_csv/data99.csv
./step2/output7_csv/data92.csv
./step2/output7_csv/data141.csv
